;repository_login;repository_id
0;tkersey;MDQ6VXNlcjIxNw==
1;njonsson;MDQ6VXNlcjY0NQ==
2;bangpound;MDQ6VXNlcjY3MzE=
3;koconder;MDQ6VXNlcjI1MDY4
4;mlsj1;MDQ6VXNlcjI5Mzc1
5;syug;MDQ6VXNlcjM5MjY0
6;neopunisher;MDQ6VXNlcjczMzEw
7;jazzwang;MDQ6VXNlcjc2OTAz
8;fly51fly;MDQ6VXNlcjEyODg4NQ==
9;fallenpegasus;MDQ6VXNlcjEzMDYxMg==
10;fribeiro1;MDQ6VXNlcjE0ODAwMg==
11;chchrist;MDQ6VXNlcjE3Nzg4NA==
12;ScottJWalter;MDQ6VXNlcjIwNTUzNw==
13;mindcrime;MDQ6VXNlcjIzMTMzOA==
14;MarceloNascimento;MDQ6VXNlcjI1MTcwOA==
15;dmsbilas;MDQ6VXNlcjI4MDA2Nw==
16;thimslugga;MDQ6VXNlcjI4NTA1NQ==
17;leecardona;MDQ6VXNlcjMzMzQ3MA==
18;semsphy;MDQ6VXNlcjQyMzM5Ng==
19;srp19;MDQ6VXNlcjQzMzk4Ng==
20;DaemonCahill;MDQ6VXNlcjQzODE4MQ==
21;Cambera;MDQ6VXNlcjQ5MTA5MQ==
22;riyadparvez;MDQ6VXNlcjQ5NDc4Mw==
23;mitaka;MDQ6VXNlcjU0ODgyMg==
24;ZhangYunfang;MDQ6VXNlcjU4NjEyMA==
25;temosy;MDQ6VXNlcjU4NzcyNg==
26;manuelhunziker;MDQ6VXNlcjY1NTM2OQ==
27;pedro-lima;MDQ6VXNlcjcwNzM5NQ==
28;alexharvey;MDQ6VXNlcjcyMjI1Mw==
29;josh-fisher;MDQ6VXNlcjczNTU3MA==
30;pdevenraj;MDQ6VXNlcjc2MTQ1MA==
31;nerandell;MDQ6VXNlcjgyMDEwNQ==
32;raghuboosetty;MDQ6VXNlcjg1MzMxNQ==
33;tdmalone;MDQ6VXNlcjkwMDQ2OQ==
34;34code;MDQ6VXNlcjkzMDc4Nw==
35;burib;MDQ6VXNlcjk1NjIyNw==
36;whn09;MDQ6VXNlcjk2NDUyNw==
37;bobbyearl;MDQ6VXNlcjk3MTYzOQ==
38;ahlfors;MDQ6VXNlcjEwNzQyOTE=
39;bsrz;MDQ6VXNlcjEwNzc0NDE=
40;mailmahee;MDQ6VXNlcjEwNzc3NjI=
41;daefresh;MDQ6VXNlcjEwODExNTQ=
42;dofstar;MDQ6VXNlcjEwODg0NDI=
43;codee;MDQ6VXNlcjExMDUxNTU=
44;EdZava;MDQ6VXNlcjExNTUxOTk=
45;kistasi;MDQ6VXNlcjEzMTE5NDU=
46;firebitsbr;MDQ6VXNlcjE0MzEwMDU=
47;glaucodiogo;MDQ6VXNlcjE1MzExNDE=
48;manjunathd;MDQ6VXNlcjE2NTQ5ODM=
49;afonsoalban;MDQ6VXNlcjE2NzgyMTA=
50;rsaa;MDQ6VXNlcjE3Mjg2MDM=
51;hvn0413;MDQ6VXNlcjE3NTI4MzA=
52;duxing2007;MDQ6VXNlcjE3NjQ4NzM=
53;ste93cry;MDQ6VXNlcjE3NzA0ODU=
54;terran1942;MDQ6VXNlcjE3ODQ5NDU=
55;itanoss;MDQ6VXNlcjE4NjE3NDU=
56;thesobercoder;MDQ6VXNlcjE5MTUyNDk=
57;rickymaciel;MDQ6VXNlcjIwNzM2MzM=
58;KevinGimbel;MDQ6VXNlcjIxNjE3MTQ=
59;zsp0817;MDQ6VXNlcjIyNzU2NDU=
60;konamo;MDQ6VXNlcjIzMTE1MDM=
61;Kensuke-Hinata;MDQ6VXNlcjIzNjM2NzE=
62;voldyman;MDQ6VXNlcjIzNzgwODM=
63;alexjennings;MDQ6VXNlcjI0MjExNDk=
64;somaditya;MDQ6VXNlcjI2MDc3MDQ=
65;apjowen;MDQ6VXNlcjI2MjQ3MjQ=
66;dengqixing;MDQ6VXNlcjI5Mjk3MzM=
67;Davi-He;MDQ6VXNlcjMwMzI0MjU=
68;godsoul;MDQ6VXNlcjMxMDQ1MDA=
69;parkjh;MDQ6VXNlcjMxMTY2NzM=
70;kumar-nitish;MDQ6VXNlcjMxMTc2MTQ=
71;PandaBlessing;MDQ6VXNlcjMyODEzNjM=
72;andyuls;MDQ6VXNlcjMzNTA3OTU=
73;juanjoruiz2109;MDQ6VXNlcjMzNzU0OTM=
74;mangualero;MDQ6VXNlcjM0MjI5Njg=
75;proverbs53;MDQ6VXNlcjM1MDUxMTE=
76;universewrld;MDQ6VXNlcjM2NjI1MTk=
77;HJiefeng;MDQ6VXNlcjM3ODgzNzE=
78;kkpan11;MDQ6VXNlcjM4OTQyNzk=
79;plumcube;MDQ6VXNlcjQwMDE0MzQ=
80;magigo;MDQ6VXNlcjQwMjgyMDY=
81;jakebrinkmann;MDQ6VXNlcjQxMTA1NzE=
82;AAbasinejad;MDQ6VXNlcjQyMDI1ODI=
83;virtuoushub;MDQ6VXNlcjQzMDM2Mzg=
84;huamichaelchen;MDQ6VXNlcjQzMjczNzM=
85;mumblepins;MDQ6VXNlcjQ0NDA2NTI=
86;bretdarby;MDQ6VXNlcjQ1MzQxNTA=
87;srinitude;MDQ6VXNlcjQ1OTYwMzc=
88;the-watchmaker;MDQ6VXNlcjQ2ODI2MTM=
89;codinggooner;MDQ6VXNlcjQ3NDY1MzA=
90;kimpenguin;MDQ6VXNlcjQ3OTM5MTU=
91;weisberg;MDQ6VXNlcjUwNTQ3MTA=
92;ace-coder;MDQ6VXNlcjUxMTIzNzg=
93;infinitedreams9586;MDQ6VXNlcjUyMTA1Mjk=
94;tusharsoni08;MDQ6VXNlcjUyNDkwMjQ=
95;hoansgithub;MDQ6VXNlcjUyNjAxMDE=
96;schallerala;MDQ6VXNlcjUzMTk1MjA=
97;alexxyjiang;MDQ6VXNlcjUzMzUxMzk=
98;garciparedes;MDQ6VXNlcjU2NDAzNjY=
99;keshabb;MDQ6VXNlcjU2NTE5NTc=
100;s0nlxaftrsh0ck;MDQ6VXNlcjU4NzE0MzA=
101;mklemann-com;MDQ6VXNlcjU5OTUzMjA=
102;roykalony;MDQ6VXNlcjYxNDU0NTY=
103;thomasdalbert;MDQ6VXNlcjYyMzA5OTY=
104;edisona;MDQ6VXNlcjYzNzAyMjU=
105;Steven-Acomb;MDQ6VXNlcjYzNzg5MDc=
106;jodavaho;MDQ6VXNlcjY1ODAzMjc=
107;side9show;MDQ6VXNlcjY1ODQyMDQ=
108;teeksingh;MDQ6VXNlcjY1OTE5MDQ=
109;kevingrondin;MDQ6VXNlcjY2MDQyMjA=
110;unlitdev;MDQ6VXNlcjY4MDc2MTU=
111;well1791;MDQ6VXNlcjY4MTcwMDg=
112;mleziva;MDQ6VXNlcjY5MjUzODE=
113;ykaidashov;MDQ6VXNlcjcwNjcyOTQ=
114;anand-b;MDQ6VXNlcjcxOTQ4NTg=
115;xGreat;MDQ6VXNlcjcyMjA3NDM=
116;tolgabuyuktanir;MDQ6VXNlcjczMzUwNTA=
117;rodazuero;MDQ6VXNlcjc3NTQzOTQ=
118;Asoka11111;MDQ6VXNlcjc3NjE5MjM=
119;Wyvernslay3r;MDQ6VXNlcjc5NTgwNTY=
120;gabrlyg;MDQ6VXNlcjgwMjU2NjI=
121;paulosiciliano;MDQ6VXNlcjgwNDQ0MDk=
122;martinvaldivia;MDQ6VXNlcjgwNTI4MDE=
123;rdczhby;MDQ6VXNlcjgwNjAyMTU=
124;mys328;MDQ6VXNlcjgwNjMxODk=
125;andrey-berenda;MDQ6VXNlcjgxNDEyMjY=
126;sinhang;MDQ6VXNlcjgxNDE4NTk=
127;Lakshmiaddepalli;MDQ6VXNlcjgxOTI2ODM=
128;mohamed-abdelsattar92;MDQ6VXNlcjgyMjMwODM=
129;rawer886;MDQ6VXNlcjgyNDM2ODk=
130;thanhcsf;MDQ6VXNlcjg0ODE3Njc=
131;junaid109;MDQ6VXNlcjg0OTU3NDg=
132;bafeiyu;MDQ6VXNlcjg1NTY3MzM=
133;Ylmzef;MDQ6VXNlcjg1NjI1MTQ=
134;anlexN;MDQ6VXNlcjg2ODY3Mzk=
135;fwblcz;MDQ6VXNlcjg4MjM0ODk=
136;djinl520;MDQ6VXNlcjg5MjQxMDM=
137;protyay;MDQ6VXNlcjg5Mjk4MTE=
138;selfishprimate;MDQ6VXNlcjg5MzcyNDU=
139;Mwalthery;MDQ6VXNlcjg5ODUyNDE=
140;GregAllenSmith;MDQ6VXNlcjkwMjIxNTQ=
141;zgover;MDQ6VXNlcjkwNDQ3NzM=
142;avestura;MDQ6VXNlcjkwOTE5NTg=
143;pqrsooo;MDQ6VXNlcjkxMzExMzU=
144;evanshrestha;MDQ6VXNlcjkxNDgyNDI=
145;bos-hieu;MDQ6VXNlcjkyMTc5MDg=
146;sonimonish00;MDQ6VXNlcjkyNzE0MjU=
147;ljesparis;MDQ6VXNlcjkzMTMyNDM=
148;imvikramn;MDQ6VXNlcjkzMTQ4OTA=
149;massivelivefun;MDQ6VXNlcjkzNDcwOTY=
150;garrettrh;MDQ6VXNlcjk0OTI2Njk=
151;ghishadow;MDQ6VXNlcjk1ODM3NzU=
152;shower1986;MDQ6VXNlcjk2OTE3OTU=
153;mseld;MDQ6VXNlcjk5MTI1NTA=
154;JasonYe88;MDQ6VXNlcjk5MjQ1NTc=
155;seshurajup;MDQ6VXNlcjEwMDA5MTE0
156;xiaopizi19;MDQ6VXNlcjEwMDI3NTIx
157;pelamlio;MDQ6VXNlcjEwMTQ3NTc4
158;Asavarkhul;MDQ6VXNlcjEwMTY5MDMw
159;ajay340;MDQ6VXNlcjEwMTgxMTM1
160;custadian;MDQ6VXNlcjEwMjgxODQ1
161;KlwntSingh;MDQ6VXNlcjEwMjk2NTU2
162;FelixFeliciant;MDQ6VXNlcjEwMzIyMDc2
163;learnerzhang;MDQ6VXNlcjEwMzg3Nzc2
164;gamedebug;MDQ6VXNlcjEwNDE0MzI2
165;jonathanarodr;MDQ6VXNlcjEwNDQ5NjA3
166;osama-ahmed;MDQ6VXNlcjEwNjQ1Mjcw
167;nir-zilberman;MDQ6VXNlcjEwNjg2MjA2
168;bigDP;MDQ6VXNlcjEwNzA1OTE0
169;JohnnyTNguyen;MDQ6VXNlcjEwNzMzNDM5
170;WajahatSiddiqui;MDQ6VXNlcjEwODExNzU5
171;markjohnlucas;MDQ6VXNlcjEwODM0MDQ1
172;Vaibhav;MDQ6VXNlcjEwOTAyOTY5
173;manavchoudhary;MDQ6VXNlcjEwOTIxNzY3
174;nikolaospapachristou;MDQ6VXNlcjEwOTY3NDY1
175;vslala;MDQ6VXNlcjExMTg5NTI4
176;Ngel-Castro;MDQ6VXNlcjExMjM1MDkx
177;dawei-wang;MDQ6VXNlcjExMzU4NTY3
178;yxblee;MDQ6VXNlcjExNTk0NjM2
179;barisates;MDQ6VXNlcjExNjAwMTg2
180;ankkrish;MDQ6VXNlcjExNjAwODMx
181;justinsamuel92;MDQ6VXNlcjExNzUwMzk3
182;dotsnangles;MDQ6VXNlcjExNzg0ODMz
183;609151318;MDQ6VXNlcjEyMDY0Nzgz
184;RyanAugust;MDQ6VXNlcjEyMTA0MDAz
185;noid11;MDQ6VXNlcjEyNDcyMjMx
186;ioing;MDQ6VXNlcjEyNTA5MDY5
187;AruulmozhivarmanS;MDQ6VXNlcjEyNTMwNTEw
188;Tusharjagi;MDQ6VXNlcjEyNTk2NDU3
189;ivaylo-yordanov;MDQ6VXNlcjEyNTk3MjI0
190;emullaraj;MDQ6VXNlcjEyNjQ1OTA5
191;mcguegi;MDQ6VXNlcjEyNzgwOTM5
192;nbhirud;MDQ6VXNlcjEyODEwMzM2
193;fischerleon;MDQ6VXNlcjEyODYwNDIz
194;UmutSERIFLER;MDQ6VXNlcjEyOTQ4MTQz
195;zhu0823;MDQ6VXNlcjEzMDYxODky
196;Joe192168;MDQ6VXNlcjEzMDk2Njc4
197;Sejoslaw;MDQ6VXNlcjEzMTQ3Njg0
198;LindaHaviv;MDQ6VXNlcjEzMTg3NzQ0
199;ball582;MDQ6VXNlcjEzMTkyNzUz
200;dmitrykrisko;MDQ6VXNlcjEzMjc1NTU2
201;we1l1n;MDQ6VXNlcjEzMjk5NDY2
202;dongzhuoyao;MDQ6VXNlcjEzNTM3MTA0
203;xuelangqingkong;MDQ6VXNlcjEzNzI2MjQx
204;godobyte;MDQ6VXNlcjEzNzc4MDAz
205;chanffdavid;MDQ6VXNlcjEzNzkxNjA5
206;anomaly-88;MDQ6VXNlcjEzODE2NzUx
207;undabah;MDQ6VXNlcjEzOTQ5NDA3
208;aymenbelarbi;MDQ6VXNlcjEzOTgzMDE5
209;ashish936;MDQ6VXNlcjE0MDc2NDg2
210;guilhermebc;MDQ6VXNlcjE0MjM0MTc1
211;SMBgurus;MDQ6VXNlcjE0MjQ3MTkz
212;mate-h;MDQ6VXNlcjE0MzUxNjcw
213;artur-sak13;MDQ6VXNlcjE0ODUyNzcz
214;yorshreynoso;MDQ6VXNlcjE0ODc3MjQw
215;yehuizhang;MDQ6VXNlcjE1MDcxNDE0
216;AAdewunmi;MDQ6VXNlcjE1MTcyNzQ0
217;charaton;MDQ6VXNlcjE1NjQ0MTY1
218;vonzou;MDQ6VXNlcjE1NzEyNTIy
219;jaymahfudy;MDQ6VXNlcjE1OTUzMDk2
220;maxsxu;MDQ6VXNlcjE1OTYzMTQx
221;keita-hino;MDQ6VXNlcjE1OTczNjcx
222;Anirudh257;MDQ6VXNlcjE2MDAxNDQ2
223;joaoantoniomartinsfilho;MDQ6VXNlcjE2MDQ2NzIz
224;anirudhbagri;MDQ6VXNlcjE2MjUwNjI5
225;STCYC;MDQ6VXNlcjE2MjY4ODA1
226;rsmelo92;MDQ6VXNlcjE2Mjk1NDAy
227;StrangerCoug;MDQ6VXNlcjE2MzY4MTA3
228;keren123;MDQ6VXNlcjE2Mzk0MDUz
229;noodanee;MDQ6VXNlcjE2NDQ5Mzg1
230;alobe;MDQ6VXNlcjE2NDYxNjA4
231;JadeCong;MDQ6VXNlcjE2NTE2MjA1
232;graceko22;MDQ6VXNlcjE2NzM5Mzcy
233;Timotej979;MDQ6VXNlcjE2ODQwNTI4
234;erenaslandev;MDQ6VXNlcjE2ODYyODMz
235;serhiiklenachov;MDQ6VXNlcjE2OTg1NzQy
236;camerondurham;MDQ6VXNlcjE3MDEzNDYy
237;khanhhuy288;MDQ6VXNlcjE3MTMyNTg4
238;gstair;MDQ6VXNlcjE3MTMzNjg3
239;ifbowen;MDQ6VXNlcjE3MTc0MzA5
240;hotsticker;MDQ6VXNlcjE3MjI4MDU4
241;ningfc;MDQ6VXNlcjE3MzMyMTg2
242;RishabhKr97;MDQ6VXNlcjE3NDU0NzQy
243;jiangoz;MDQ6VXNlcjE3NTMxNTY5
244;Murplugg;MDQ6VXNlcjE3NTc1Njg4
245;tanvirstreame;MDQ6VXNlcjE3NjM4OTg2
246;kworkbee;MDQ6VXNlcjE4MDM0NjI2
247;arnab-ray;MDQ6VXNlcjE4MTEwMjQ4
248;StarDustTwinkle;MDQ6VXNlcjE4MTQ2OTQz
249;bahadirsahin;MDQ6VXNlcjE4MjM3Njcz
250;SMSesay;MDQ6VXNlcjE4Mjk2ODMy
251;anuj97;MDQ6VXNlcjE4NDYzNDgy
252;yaelBrown;MDQ6VXNlcjE4NDgxODEx
253;motmaytinh;MDQ6VXNlcjE4NDg1MDM5
254;NoxGamingQC;MDQ6VXNlcjE4NjY1OTE3
255;aravinthakannan;MDQ6VXNlcjE4NzAxMjQ4
256;lingjiekong;MDQ6VXNlcjE5MjU1MTgy
257;janviyao;MDQ6VXNlcjE5MzkxMzAy
258;hijiki51;MDQ6VXNlcjE5NTE1NjI0
259;mksarge;MDQ6VXNlcjE5NTYwOTc1
260;pradeepkni382;MDQ6VXNlcjE5NTkyMDUx
261;rdnasim;MDQ6VXNlcjE5NjU0MTI5
262;shrinidhibarthur;MDQ6VXNlcjE5Njg2OTUz
263;StrangeKnowledgeIncresed;MDQ6VXNlcjE5NzMyNzQ1
264;Austin47;MDQ6VXNlcjE5NzQzNDM3
265;shokriw;MDQ6VXNlcjE5NzQ1ODky
266;franklin-monreal;MDQ6VXNlcjE5ODMwNTU0
267;xxh031203;MDQ6VXNlcjE5ODY3MzE5
268;lossfunc;MDQ6VXNlcjE5OTQyMTky
269;feapaydin;MDQ6VXNlcjE5OTQ2NjM5
270;loumalouomega;MDQ6VXNlcjE5OTkxNjgw
271;garyhtou;MDQ6VXNlcjIwMDk5NjQ2
272;d3v2null;MDQ6VXNlcjIwMTEyNTg5
273;msweetland;MDQ6VXNlcjIwMTU4NDA5
274;jrjm1111;MDQ6VXNlcjIwMzc2MjUz
275;mitutitu16;MDQ6VXNlcjIwMzg0NTYz
276;akashsathyan;MDQ6VXNlcjIwNDk4NTMx
277;chrisskhoury;MDQ6VXNlcjIwNjQ4NTM4
278;jeremychauvet;MDQ6VXNlcjIwODI1MjY0
279;Logicus03;MDQ6VXNlcjIwOTc3MDEx
280;chinchillajared;MDQ6VXNlcjIxMDQzMzA4
281;isabelchaves;MDQ6VXNlcjIxMTcwODAz
282;shikharsaxena98;MDQ6VXNlcjIxMzE1NjE4
283;flukelaster;MDQ6VXNlcjIxMzMyODQ1
284;rjuer;MDQ6VXNlcjIxMzM1MTQ2
285;mussieh;MDQ6VXNlcjIxNjkzMTQ5
286;lintsai;MDQ6VXNlcjIyMDkzMzYy
287;nj1787;MDQ6VXNlcjIyMjI1NTQ0
288;Joebig7;MDQ6VXNlcjIyMjkxMTIz
289;hanwgyu;MDQ6VXNlcjIyMjkzMTQ5
290;wudangqibujie;MDQ6VXNlcjIyMjk3MDQy
291;DihanDai;MDQ6VXNlcjIyMzE0Mjc2
292;drewfrost;MDQ6VXNlcjIyMzQwNjE1
293;contimatteo;MDQ6VXNlcjIyNjU2Njk1
294;AmaanKulshreshtha;MDQ6VXNlcjIyNjg4Njg3
295;petronem;MDQ6VXNlcjIyOTQxNzYw
296;my1795;MDQ6VXNlcjIyOTYwNzMz
297;Pzoom522;MDQ6VXNlcjIyOTYzNDkw
298;hahacyd;MDQ6VXNlcjIzMTkyODgw
299;wangtiechuan;MDQ6VXNlcjIzMzcwNjg5
300;lynmison;MDQ6VXNlcjIzNDU1ODgz
301;anaghkanungo7;MDQ6VXNlcjIzNzQwMjUx
302;RickyC0626;MDQ6VXNlcjI0MTk0ODYy
303;Ming0217;MDQ6VXNlcjI0NDQyODE1
304;caesar-one;MDQ6VXNlcjI0NDYxMjYx
305;Ishanna;MDQ6VXNlcjI0NTgzMzE5
306;nkn6294live;MDQ6VXNlcjI1MjYyMjEy
307;ShwetaShivangi;MDQ6VXNlcjI1NDUzNTI5
308;amwi04;MDQ6VXNlcjI1NTMzNTk3
309;pd14196;MDQ6VXNlcjI1NzYzODkx
310;tychodev321;MDQ6VXNlcjI1ODcwMjQw
311;Baleryom;MDQ6VXNlcjI1OTYxMzEx
312;caitinc;MDQ6VXNlcjI1OTkzNjcw
313;almokhtarbr;MDQ6VXNlcjI2MDQyMDUw
314;andreacip;MDQ6VXNlcjI2MDg3Mjcx
315;alexanderafanasov;MDQ6VXNlcjI2MTI2MzM5
316;thapaashis110;MDQ6VXNlcjI2MzE1MTAx
317;soccernut;MDQ6VXNlcjI2MzI4NDg5
318;mdobro1;MDQ6VXNlcjI2MzQ0NTgz
319;saneknight;MDQ6VXNlcjI2NDczMzAy
320;janmarkuslanger;MDQ6VXNlcjI2NjMzMTIz
321;morinyan;MDQ6VXNlcjI2Njg1ODgy
322;gujiacun;MDQ6VXNlcjI2NzY5NzY4
323;adileone;MDQ6VXNlcjI2ODQwNjM3
324;BIGChask;MDQ6VXNlcjI2ODc5NzA2
325;mapjx;MDQ6VXNlcjI2OTMwMTcy
326;fuhaoma;MDQ6VXNlcjI2OTQ4Mjk4
327;DXLZ;MDQ6VXNlcjI2OTk4NzMx
328;kekemao00;MDQ6VXNlcjI3NjE5NDI0
329;lamsd;MDQ6VXNlcjI3NjI5NDAx
330;igorasantos;MDQ6VXNlcjI3OTMzOTM3
331;metaphor0;MDQ6VXNlcjI3OTQ2ODgz
332;iashutoshtiwari;MDQ6VXNlcjI4MDA4OTAy
333;yaravi;MDQ6VXNlcjI4MDE1ODg3
334;skippermin;MDQ6VXNlcjI4MTI1MzIz
335;masakiasami;MDQ6VXNlcjI4Mjc5MzEz
336;huannvttd98;MDQ6VXNlcjI4NzAyNzM1
337;thatbeautifuldream;MDQ6VXNlcjI4NzE3Njg2
338;happyqq;MDQ6VXNlcjI5MDAzMTMx
339;iameduardod;MDQ6VXNlcjI5MTQ5NTgw
340;wuchunfu;MDQ6VXNlcjI5MjA2NTkz
341;venkate5hgunda;MDQ6VXNlcjI5MjIyNDU5
342;whuhxb;MDQ6VXNlcjI5NDU0NTY5
343;ronnielutalo;MDQ6VXNlcjI5NTkxNzIw
344;Samutichev;MDQ6VXNlcjI5ODM2NDc0
345;jongan69;MDQ6VXNlcjI5ODk5MDQy
346;tkruer;MDQ6VXNlcjMwMTI3NTAy
347;kayericson;MDQ6VXNlcjMwMTMxNzQ2
348;LuGO0;MDQ6VXNlcjMwMzU1MzM2
349;cultivate5253;MDQ6VXNlcjMwNTg3ODg4
350;akazyti;MDQ6VXNlcjMwNzgxOTQy
351;boomer2752;MDQ6VXNlcjMwOTQ1ODgw
352;Luccasoli;MDQ6VXNlcjMxMDM5Mzk2
353;abheesht17;MDQ6VXNlcjMxMzYwNDY4
354;HebaElGalad;MDQ6VXNlcjMxNjMwMzU4
355;himanshututeja1998;MDQ6VXNlcjMxNjYyNjc3
356;sevenhqj;MDQ6VXNlcjMxNzI5MjM5
357;CWHer;MDQ6VXNlcjMxODg4OTgx
358;Pei1133;MDQ6VXNlcjMxOTAyMTgy
359;pasenchenko;MDQ6VXNlcjMyMTU3OTUx
360;jinjidong;MDQ6VXNlcjMyMTc5MDg5
361;eemailme;MDQ6VXNlcjMyMzA5OTc5
362;Nikronic;MDQ6VXNlcjMyNDAxODUy
363;Razdeep;MDQ6VXNlcjMyNTMxMTcz
364;FenTheDev;MDQ6VXNlcjMyNjY1NDU2
365;skywalkersPadawan;MDQ6VXNlcjMyODk0OTIw
366;patrick22414;MDQ6VXNlcjMyOTE3Mzk1
367;Jiahuan-Pei;MDQ6VXNlcjMzMDYzMTA1
368;preciouschydo;MDQ6VXNlcjMzMTI3ODUx
369;johngunerli;MDQ6VXNlcjMzMjA1MDk3
370;akashmdkml;MDQ6VXNlcjMzNDUxMTk3
371;Menotron;MDQ6VXNlcjMzNDg4NTkx
372;smustafa75;MDQ6VXNlcjMzNTE4MDI1
373;nanaboat1;MDQ6VXNlcjMzNTkzNzUy
374;Karim-53;MDQ6VXNlcjMzOTc4Mjc1
375;EthanC-8;MDQ6VXNlcjMzOTkwMzYz
376;nitinnbisht;MDQ6VXNlcjM0MDQyMTU3
377;5l1v3r1;MDQ6VXNlcjM0MTQzNTM3
378;Yulv-git;MDQ6VXNlcjM0MzI5MjA4
379;moqsien;MDQ6VXNlcjM0NTExMTky
380;MilleniumSpark;MDQ6VXNlcjM0Njg0ODAw
381;sagsango;MDQ6VXNlcjM0NzkzODAy
382;Programador89;MDQ6VXNlcjM0ODE2NDIw
383;JasonMoon95;MDQ6VXNlcjM0OTUyNTk4
384;jackpan123;MDQ6VXNlcjM1Mjg0NTQ2
385;bshreddy;MDQ6VXNlcjM1MzM4MjQx
386;TsukasaSeto;MDQ6VXNlcjM1MzU0MDA1
387;PallaviVarandani;MDQ6VXNlcjM1Njk1Mzcw
388;alvinlal;MDQ6VXNlcjM1NzcxNDMy
389;awabasher;MDQ6VXNlcjM1ODE5MDY2
390;Katsukiniwa;MDQ6VXNlcjM1OTE4Njgx
391;PMcTwist;MDQ6VXNlcjM2MDEwNzU4
392;hqng;MDQ6VXNlcjM2MDIyNjEx
393;shiminfxcvii;MDQ6VXNlcjM2MTQzNDY5
394;sigsant;MDQ6VXNlcjM2MjM2NDM0
395;celikgokhun;MDQ6VXNlcjM2MjQ5MTM4
396;shiva0612;MDQ6VXNlcjM2Mjc1NzM5
397;kyamashiro;MDQ6VXNlcjM2NDMzNTM1
398;Turbocaspal;MDQ6VXNlcjM2NTIzNTc0
399;davnunes;MDQ6VXNlcjM2NTUzOTI2
400;afondiel;MDQ6VXNlcjM2NzEzNjM3
401;johnnyrtrentin;MDQ6VXNlcjM2Nzc5MzA4
402;stnorbi;MDQ6VXNlcjM2ODkxNzQ5
403;stacyrymer86;MDQ6VXNlcjM2OTk4MzEw
404;zero-null;MDQ6VXNlcjM3MTI3MzY5
405;jh9875;MDQ6VXNlcjM3MzQxNTI0
406;GITWHB;MDQ6VXNlcjM3NTA1NTkw
407;ricardosuman;MDQ6VXNlcjM3NzUzMTkz
408;mencarellic;MDQ6VXNlcjM4MDkwMzg2
409;rabbithophop;MDQ6VXNlcjM4MzY4Njk4
410;ftf1218;MDQ6VXNlcjM4NTEzNzU0
411;hirawatt;MDQ6VXNlcjM4NTM5NjM3
412;adilet-saken;MDQ6VXNlcjM4NTYxNDYy
413;marcomamprin;MDQ6VXNlcjM4NTYzMTk1
414;Thejuskbenny;MDQ6VXNlcjM4NTc3ODgy
415;nanaxumu;MDQ6VXNlcjM4NjQ3MDcy
416;GabrielFerrante;MDQ6VXNlcjM4NzY2MTUx
417;tinahuang222;MDQ6VXNlcjM4ODIxOTc4
418;Bhavuk-Garg;MDQ6VXNlcjM4ODQ3OTM4
419;FreshCappuccino;MDQ6VXNlcjM5MDEyMTY5
420;mjsheikh;MDQ6VXNlcjM5MTY4NTc2
421;anishamalde;MDQ6VXNlcjM5MzA2NDc3
422;TeddyCom1;MDQ6VXNlcjM5NDcwNTM5
423;prabhumns;MDQ6VXNlcjM5Njk4MDQx
424;HyunjunA;MDQ6VXNlcjM5Nzc2OTY4
425;iamharvey;MDQ6VXNlcjM5ODkzMjcx
426;rahul-zomato;MDQ6VXNlcjM5OTQwNjc4
427;inframarauder;MDQ6VXNlcjQwMTE3MzU4
428;YjqZhouxiao;MDQ6VXNlcjQwMjQyNzEz
429;LuoTailong;MDQ6VXNlcjQwMjYyODM5
430;sovansambath-phann;MDQ6VXNlcjQwMzk4NTQ5
431;rkej;MDQ6VXNlcjQwNDI0Mjcw
432;jinshuye;MDQ6VXNlcjQwNTg4NzM5
433;ibn-khafagah;MDQ6VXNlcjQwNjAwOTI1
434;kartikeytewari;MDQ6VXNlcjQwNjczNzM0
435;MD-ARFIN;MDQ6VXNlcjQwNjg5MDM1
436;johan-lab;MDQ6VXNlcjQwODg1NzE3
437;ambanerjee;MDQ6VXNlcjQwOTc0NTE3
438;bzamith;MDQ6VXNlcjQxMDA2NTc2
439;deviknitkkr;MDQ6VXNlcjQxMTM1MzYw
440;Abirul;MDQ6VXNlcjQxMzcyODU5
441;nesakobi;MDQ6VXNlcjQxNTMzNTk4
442;hartl3y94;MDQ6VXNlcjQyMjYyNDcw
443;saarthdeshpande;MDQ6VXNlcjQyMzM2MDIw
444;leechenze;MDQ6VXNlcjQyMzYxNTI2
445;Dexterzprotege;MDQ6VXNlcjQyMzc4NTUy
446;sandrawilczynski;MDQ6VXNlcjQyNDM5MDIw
447;Debarshi95;MDQ6VXNlcjQyNjA4Nzk1
448;GowthamSk1;MDQ6VXNlcjQyNzA4Njgz
449;PolyVoid;MDQ6VXNlcjQyNzczMjg5
450;middas-0706;MDQ6VXNlcjQyODY2MTc0
451;WendyYanto;MDQ6VXNlcjQyOTU4OTU2
452;batuhan-basoglu;MDQ6VXNlcjQzMDM3NDA0
453;OpenDev-AI;MDQ6VXNlcjQzMTAwNzM5
454;claudsonbarros;MDQ6VXNlcjQzMTY2NDA5
455;yotamnahum;MDQ6VXNlcjQzMTcwMDQz
456;huiminlim;MDQ6VXNlcjQzNDM0MzEz
457;sumukhteja;MDQ6VXNlcjQzNTAxMjUy
458;valtab;MDQ6VXNlcjQzNTcxNzQx
459;theroyakash;MDQ6VXNlcjQzNzkyNDQ2
460;sadoreko;MDQ6VXNlcjQzODg4NDQ5
461;billsenxu;MDQ6VXNlcjQzODk3NjA0
462;MarcoSantonastasi;MDQ6VXNlcjQ0MDg1Mzcy
463;kevin909cty;MDQ6VXNlcjQ0NjQ4OTI1
464;amadsalmon;MDQ6VXNlcjQ0Njg0NzU3
465;infinitepower18;MDQ6VXNlcjQ0NjkyMTg5
466;ashr4f1arr2ad;MDQ6VXNlcjQ0NzE5MDIw
467;rgdyy;MDQ6VXNlcjQ0OTU4MTY1
468;shayanekat;MDQ6VXNlcjQ1MTQ0Mzc0
469;KlinKlinKlin;MDQ6VXNlcjQ1NTQ3NjY4
470;ishu-thakur;MDQ6VXNlcjQ1NzM4NjE0
471;brijeshbhalodiya;MDQ6VXNlcjQ2MTIwNzQx
472;zaaakher;MDQ6VXNlcjQ2MTM1NTcz
473;XRLZX8;MDQ6VXNlcjQ2MTg0OTc3
474;soumyadbanik;MDQ6VXNlcjQ2MzM2MDIz
475;zhnzhang;MDQ6VXNlcjQ2MzkzMTc0
476;yhf98;MDQ6VXNlcjQ2NDkyNzA1
477;xjhofernandes;MDQ6VXNlcjQ2NTA0Njc4
478;gauravagrwal;MDQ6VXNlcjQ2NTU0MDM0
479;juanca-jimi;MDQ6VXNlcjQ2NzYwNzIz
480;JohnDNC;MDQ6VXNlcjQ2ODY4MDQ0
481;ImKunYoung;MDQ6VXNlcjQ2OTU1MDMy
482;EduardHov;MDQ6VXNlcjQ2OTk3MjYy
483;yician1000;MDQ6VXNlcjQ3MDE5MjEw
484;risejl;MDQ6VXNlcjQ3MjY5NjQ3
485;johnmccants002;MDQ6VXNlcjQ3NDAxMzY5
486;samedsemihs;MDQ6VXNlcjQ3NTg3NDk2
487;aymandarwish;MDQ6VXNlcjQ4MDE0NTgy
488;HongLouyemeng;MDQ6VXNlcjQ4MTgxNTI5
489;maniac1122;MDQ6VXNlcjQ4MTk5MjA2
490;kohring;MDQ6VXNlcjQ4NTM1MTg4
491;okonri;MDQ6VXNlcjQ4NTU2NTI4
492;cnhuz;MDQ6VXNlcjQ4OTE2NTIx
493;liltommy1dev;MDQ6VXNlcjQ4OTQwOTQ5
494;Wwillers;MDQ6VXNlcjQ5MjEwNTI1
495;owini;MDQ6VXNlcjQ5MjM0NTUy
496;amirmojarad;MDQ6VXNlcjQ5MjQ0Mzk1
497;RichardZj;MDQ6VXNlcjQ5NDM2MTU5
498;codemikko;MDQ6VXNlcjQ5NDYxMjEz
499;MarcoSteinke;MDQ6VXNlcjQ5NTIzMDUw
500;acox216;MDQ6VXNlcjQ5Njg4NjYy
501;smy1999;MDQ6VXNlcjQ5ODUzOTUw
502;anujchoudhary-17;MDQ6VXNlcjUwMDM4NDky
503;mazrean;MDQ6VXNlcjUwMDkzNjMz
504;XrosLiang;MDQ6VXNlcjUwMTY3MTEy
505;994Simone;MDQ6VXNlcjUwMTc5Mzgw
506;Mystic-77;MDQ6VXNlcjUwMzEyMDE4
507;bruno-aires;MDQ6VXNlcjUwNDUwMjcz
508;Jirigesi;MDQ6VXNlcjUwNzA2NTY4
509;imokhtar;MDQ6VXNlcjUwODcxNDQy
510;ArthurAnastopulos;MDQ6VXNlcjUxMDk3MDYx
511;guilefoylegaurav;MDQ6VXNlcjUxNDE4NjQ0
512;denmj;MDQ6VXNlcjUxODM2OTE5
513;frankxzAmazon;MDQ6VXNlcjUxODk1NzY2
514;ericwidjaja;MDQ6VXNlcjUyMTgwNTY3
515;mirfanaslam;MDQ6VXNlcjUyMTkwNzk1
516;nayeonshin;MDQ6VXNlcjUyNDgwMzA1
517;xiaozhiob;MDQ6VXNlcjUyNzMzNTk4
518;u-yas;MDQ6VXNlcjUyNzU3MzAy
519;smelouah;MDQ6VXNlcjUyNzg2NDY4
520;dmascheck;MDQ6VXNlcjUzMTEzODUz
521;Abhirajnow;MDQ6VXNlcjUzMTc1Nzkx
522;sanjuchandra;MDQ6VXNlcjUzMjkwNjQy
523;cccaimingjian;MDQ6VXNlcjUzMzI2MzM5
524;anurag01a;MDQ6VXNlcjUzMzcyMjEz
525;masrafi115;MDQ6VXNlcjUzNDA2NjE3
526;sm-heard;MDQ6VXNlcjUzODc2MDYx
527;agastaldellomaccomit;MDQ6VXNlcjU0NjE4NDg3
528;steffiypx;MDQ6VXNlcjU0NjE5NDA4
529;AdnanAaddi;MDQ6VXNlcjU0NjY4MjYy
530;MaxDeveloper16;MDQ6VXNlcjU1MjEzMDAy
531;tenpa007;MDQ6VXNlcjU1Mzc5MjI5
532;gtrman97;MDQ6VXNlcjU1NDEyODgx
533;MuffinAmor;MDQ6VXNlcjU1NTUzMzQy
534;rushilenekar20;MDQ6VXNlcjU1OTQ1NTIy
535;soma2000-lang;MDQ6VXNlcjU2MDQ1MDQ5
536;Git-Codder;MDQ6VXNlcjU2MDg1NjQ4
537;goillotc;MDQ6VXNlcjU2MzQ1NjU5
538;2019-GitHub-Chu;MDQ6VXNlcjU2NjI4NzM0
539;chinkin707;MDQ6VXNlcjU2NzgzMjM5
540;adithya1010;MDQ6VXNlcjU3MDA4ODIx
541;anubhvshrma18;MDQ6VXNlcjU3MTA5MTUz
542;Aditya-Khemka;MDQ6VXNlcjU3MTM5MzE1
543;alikemalozgumus;MDQ6VXNlcjU3NTMwNTgx
544;Codesmaster-lab;MDQ6VXNlcjU3NTU5ODc0
545;gwd666;MDQ6VXNlcjU3NTk1NDg3
546;Supriyo8799;MDQ6VXNlcjU3ODU2OTAw
547;Dajun-2019;MDQ6VXNlcjU3OTQwODAz
548;renatompf;MDQ6VXNlcjU4MTgzNzk5
549;Symon629;MDQ6VXNlcjU4MjQ4NTQz
550;prad-j;MDQ6VXNlcjU4NTIzMjA0
551;huiyouyou;MDQ6VXNlcjU4NjQ2NzY4
552;huai-jie;MDQ6VXNlcjU4Nzk0OTc5
553;chrichri17;MDQ6VXNlcjU4ODI2ODU5
554;GessioMori;MDQ6VXNlcjU4OTE4MDI1
555;TylerMamrot;MDQ6VXNlcjU4OTIwNDIx
556;danmslamt;MDQ6VXNlcjU4OTYzNzIz
557;1MuhammadFarhanAslam;MDQ6VXNlcjU5MjA4MTY0
558;najmehn00;MDQ6VXNlcjU5MjkzNzg5
559;TatsuyaNakagoshi;MDQ6VXNlcjU5NDY0OTM2
560;NonymousMorlock;MDQ6VXNlcjU5NTg4MTgw
561;EfeAcar6431;MDQ6VXNlcjU5NjUyNjky
562;akinfelami;MDQ6VXNlcjU5Nzc2MzAw
563;avstreamdevpro;MDQ6VXNlcjU5ODQ4NDE2
564;mijung-in-11st;MDQ6VXNlcjYwMjA4MTMy
565;simonjgr;MDQ6VXNlcjYwMjM5NTQ4
566;MLHaddon;MDQ6VXNlcjYwNTY2MTIy
567;Capital-SetMawHtay;MDQ6VXNlcjYwNTk5Mzg4
568;jcork4real;MDQ6VXNlcjYwNzk2NzY4
569;aditya-repos;MDQ6VXNlcjYwODU1OTUy
570;spencerlepine;MDQ6VXNlcjYwOTAzMzc4
571;calbergs;MDQ6VXNlcjYwOTUzNjQz
572;yusuke-z;MDQ6VXNlcjYxMDQ1ODY2
573;SAKILsCode;MDQ6VXNlcjYxMjA1NDIy
574;jimmysmits;MDQ6VXNlcjYxMjExODU5
575;JohnDoll2023;MDQ6VXNlcjYxMzMxMDcw
576;ssantoshp;MDQ6VXNlcjYxNjE4NjQx
577;mmhamdy;MDQ6VXNlcjYyMDgxNTg0
578;solfonte;MDQ6VXNlcjYyNTE1MTg3
579;HeroIPmonkey;MDQ6VXNlcjYyNzYwMTM4
580;Matt-Bulk;MDQ6VXNlcjYyODEyNTMw
581;xiao-cy;MDQ6VXNlcjYzMTU4OTA2
582;galichy79;MDQ6VXNlcjYzMjQwMTY2
583;thefaheemkhan;MDQ6VXNlcjYzMzM5NjM5
584;avishekchy45;MDQ6VXNlcjYzMzY0MDI0
585;Derokkk;MDQ6VXNlcjYzNTAwOTAx
586;Shahna-C;MDQ6VXNlcjYzNTc0MTAx
587;DankBoi293;MDQ6VXNlcjYzNjcyMTY3
588;grahamwaters;MDQ6VXNlcjYzNzUwOTAx
589;jaymepsantos;MDQ6VXNlcjYzODg0MTEx
590;mohamedhabibwork;MDQ6VXNlcjY0MjkyNTE5
591;Thilak-KN;MDQ6VXNlcjY0NjQ4NjM5
592;katopiler;MDQ6VXNlcjY0NzEwNzUy
593;AesisGit;MDQ6VXNlcjY0NzEzNDM4
594;OBud75;MDQ6VXNlcjY0ODcwODE5
595;yosefkiros;MDQ6VXNlcjY0ODgxODYz
596;ralintuscano;MDQ6VXNlcjY1MTQ0OTgx
597;bcovies;MDQ6VXNlcjY1MjUzMDk5
598;FurkanEdizkan;MDQ6VXNlcjY1MzAxOTE1
599;SegaGLm;MDQ6VXNlcjY1NDkzNTc2
600;celso-na-teixeira;MDQ6VXNlcjY1NjI1Mzcx
601;nilesh05apr;MDQ6VXNlcjY1NzczMzE0
602;EM51641;MDQ6VXNlcjY1ODI5OTEy
603;seanpm2001;MDQ6VXNlcjY1OTMzMzQw
604;dylanhood;MDQ6VXNlcjY2MDM1NTM3
605;JohnPPinto;MDQ6VXNlcjY2MDUzOTcz
606;oss-mad;MDQ6VXNlcjY2NDc3OTE3
607;AHANCIT;MDQ6VXNlcjY3MDg2MjAz
608;sebaminaya0;MDQ6VXNlcjY3MTYxNjIy
609;d-t-n;MDQ6VXNlcjY3MzgwNzky
610;rbuchmann77;MDQ6VXNlcjY3NTg1Nzg4
611;SeifEldinMohamed;MDQ6VXNlcjY3ODY5NjMw
612;SteCC;MDQ6VXNlcjY4MTE5Nzgz
613;JoseRicardoPE;MDQ6VXNlcjY4NTY4NDg5
614;PhumyJS;MDQ6VXNlcjY4NTk5Mjky
615;yuyingjun0922;MDQ6VXNlcjY4NjI3MzYz
616;SHakhzodTojiyev;MDQ6VXNlcjY4Nzg1MjM2
617;ShabbirHasan1;MDQ6VXNlcjY4ODI4Nzkz
618;klkuocx;MDQ6VXNlcjY4ODQyNTE4
619;Gopalakrishnang99;MDQ6VXNlcjY5MDcwMjYy
620;yagikota;MDQ6VXNlcjY5MjAyNjA5
621;DougRog;MDQ6VXNlcjY5Mjg2MDIx
622;rdbender;MDQ6VXNlcjY5NzAzNDQw
623;uivid64;MDQ6VXNlcjcwMDg1MjYz
624;deevanshu-k;MDQ6VXNlcjcwMDkwMDc3
625;linquint;MDQ6VXNlcjcwMTk5NDAx
626;PhaedrusFlow;MDQ6VXNlcjcwNDc2NzY0
627;nguyen-duy-tan;MDQ6VXNlcjcwNjQ5NTYy
628;Tpeach9474;MDQ6VXNlcjcwNjgyMzU5
629;KennyOliver;MDQ6VXNlcjcwODYwNzMy
630;ronnieangeles;MDQ6VXNlcjcxMTAyOTky
631;mahmud0v;MDQ6VXNlcjcxMzgxODk0
632;carnate-tech;MDQ6VXNlcjcxNjEzOTAz
633;Ghost1386;MDQ6VXNlcjcxODkxNDIx
634;istellaliu;MDQ6VXNlcjcyNzQyNjUy
635;polygonnedpotato;MDQ6VXNlcjczMDgzNzcy
636;MadushanNimantha;MDQ6VXNlcjczMjIxNzQ4
637;Choikyudong;MDQ6VXNlcjczMjQzNzE1
638;Harshi-itaSinha;MDQ6VXNlcjczMzQ1OTA4
639;anthowest;MDQ6VXNlcjczMzU3Mzgw
640;emiltervo;MDQ6VXNlcjczNDkzOTIx
641;Infisrael;MDQ6VXNlcjczNjMwNDk3
642;MateSousa;MDQ6VXNlcjczNjYzNjEw
643;canyoldas0;MDQ6VXNlcjczODAwNzUy
644;erfuun;MDQ6VXNlcjczODEyOTc4
645;madcitymultimedia;MDQ6VXNlcjczODIwMzUw
646;arunavabasu-03;MDQ6VXNlcjczODQyMzQw
647;JonathanCristovao;MDQ6VXNlcjc0Mjc3OTYw
648;ugke;MDQ6VXNlcjc0NDg0NjA5
649;uk-2;MDQ6VXNlcjc0NzI3OTEz
650;aadarsh-af;MDQ6VXNlcjc0OTI5NTQy
651;karthikmurakonda;MDQ6VXNlcjc0OTQ1Nzc4
652;Jennyhe11;MDQ6VXNlcjc1MDEwMzcy
653;littlelionly;MDQ6VXNlcjc1MzAyNDI0
654;vidda5;MDQ6VXNlcjc1ODExNjcz
655;AndreiMariciuc;MDQ6VXNlcjc1ODQ3OTg3
656;michelececcacci;MDQ6VXNlcjc1OTQ2NDEz
657;nabeelnoor;MDQ6VXNlcjc2MDM5OTAz
658;sherlcok314159;MDQ6VXNlcjc2MDQzMzI2
659;mist1024;MDQ6VXNlcjc2MjU3NzUz
660;elerner42;MDQ6VXNlcjc2MjY2MzE5
661;vedantraval2310;MDQ6VXNlcjc2NDM2NzU1
662;juliana-silva-hub;MDQ6VXNlcjc2NTcwNjQw
663;sudongyuer;MDQ6VXNlcjc2NjAzMzYw
664;Westsi;MDQ6VXNlcjc2OTk5MjY3
665;AnmolVerma404;MDQ6VXNlcjc3MDE5NzYz
666;JoseLopezSolis;MDQ6VXNlcjc3MDM5MzI2
667;Ashish0898;MDQ6VXNlcjc3NDQwMDgw
668;zamoosh;MDQ6VXNlcjc3NzE2NjA3
669;anadeem2;MDQ6VXNlcjc3NzY1MzE5
670;natdosan;MDQ6VXNlcjc4NTcwNjk3
671;digitaljerrygit;MDQ6VXNlcjc4ODEzODIx
672;cx63cc;MDQ6VXNlcjc5MjYzNzY1
673;David7ce;MDQ6VXNlcjc5NjA5NjQ5
674;chococandy63;MDQ6VXNlcjc5OTYwNDI2
675;TruongNhanNguyen;MDQ6VXNlcjgwMjAwODQ4
676;TheFrontlineGen;MDQ6VXNlcjgwNDE0Njg1
677;weiliw-amz;MDQ6VXNlcjgwNDgyNDY5
678;lllllllllliiiilllliiliiiilllli;MDQ6VXNlcjgwNTAyNTE0
679;Aronib;MDQ6VXNlcjgwNjQ1MTQ3
680;FukazawaKazushi;MDQ6VXNlcjgxNDA3MzE5
681;TheTrueKen;MDQ6VXNlcjgxNDUxMTMw
682;sbdeveloper90;MDQ6VXNlcjgyNDU3NjE1
683;shirushi-dev;MDQ6VXNlcjgyODYyMDYy
684;Samruddhi362;MDQ6VXNlcjgyODk3ODY0
685;clearljn;MDQ6VXNlcjgyOTkxMjc1
686;pritamkpratihari;MDQ6VXNlcjgzNTQyMjE2
687;HenryDV;MDQ6VXNlcjgzNTQ3Nzk3
688;federicoreppucci-deliveroo;MDQ6VXNlcjg0MzQxMTIy
689;buiquangthanhcode;MDQ6VXNlcjg0MzgxNzc5
690;MJ-Tech-H;MDQ6VXNlcjg0NjI2NTYz
691;KendallDoesCoding;MDQ6VXNlcjg0NzEyMDEz
692;Shrey-Srivastava21;MDQ6VXNlcjg0ODE1NjIy
693;harshglory129;MDQ6VXNlcjg0ODM2MTg1
694;niravpi;MDQ6VXNlcjg0ODY3NjU5
695;Itisjigar;MDQ6VXNlcjg0OTg1NTk4
696;adnene-guessoum;MDQ6VXNlcjg1NTg2MDU2
697;Yajie-Zhang;MDQ6VXNlcjg1NjEzMDkw
698;huseyingirgin-eva;MDQ6VXNlcjg1NjE5NDEx
699;script-lab;MDQ6VXNlcjg1Nzc1OTkx
700;Ahmedhamza1232001;MDQ6VXNlcjg2NTE4Mzg5
701;ishika1501;MDQ6VXNlcjg2OTIxMDUy
702;mdzaberalhamid;MDQ6VXNlcjg2OTcwOTcy
703;MuziZwane;MDQ6VXNlcjg3MTQ5NTc1
704;batz-gg;MDQ6VXNlcjg3NTQyMjEw
705;jmoore78;MDQ6VXNlcjg3NTgxNTY0
706;Sai-teja-rachamalla;MDQ6VXNlcjg3NjMwNjMy
707;ekaterina4952;MDQ6VXNlcjg3NjU2OTg0
708;KalvenDebig;MDQ6VXNlcjg3NzQwMjkw
709;kumartul;MDQ6VXNlcjg3Nzc0NTA5
710;YoliswaD;MDQ6VXNlcjg4MTc1NjIy
711;wanjanhasan;MDQ6VXNlcjg4MjgyNjg0
712;ndnan;MDQ6VXNlcjg5NDMzMTg3
713;NickMezacapa;MDQ6VXNlcjg5ODc0MTQ2
714;fedebayer;MDQ6VXNlcjg5ODc5Njcx
715;danielaiyuan;MDQ6VXNlcjkwMDc3OTc5
716;tkm9602;MDQ6VXNlcjkwMTQ2NDU2
717;Mohammadflht;MDQ6VXNlcjkwMzg3MjU4
718;Tahsin411934;MDQ6VXNlcjkwMzk5MDI2
719;Samruddhiiii;MDQ6VXNlcjkwNDczOTgw
720;nishantb06;MDQ6VXNlcjkwNzgzODA3
721;Louuuaiii;MDQ6VXNlcjkwOTcwMjk0
722;FelipeFama;MDQ6VXNlcjkxMDUwNjcw
723;sanju50201;MDQ6VXNlcjkxMTA5MTc4
724;josephmartinmoran;MDQ6VXNlcjkxMjE3NjM5
725;natamartins;MDQ6VXNlcjkxNDM4MjAz
726;sssamm1;U_kgDOBXkKYg
727;techprogo;U_kgDOBXvA-g
728;SarfarajRahmn;U_kgDOBX1fKQ
729;Aniketchaudhary16;U_kgDOBX4Rdw
730;JeromeXapix;U_kgDOBYMJLw
731;ClaudiaA18;U_kgDOBYPNbQ
732;ferhatkatar;U_kgDOBYYN6Q
733;Manbendra2014;U_kgDOBYnXSQ
734;Saleheddin;U_kgDOBYnb1A
735;Shahid6289;U_kgDOBY322A
736;henry-vipnet360;U_kgDOBY_acw
737;Kishank111;U_kgDOBZGOBg
738;thrashghost;U_kgDOBZIbyQ
739;prejin2310;U_kgDOBZIkNg
740;Sudhanva-Nadiger;U_kgDOBZQoPg
741;ethangutknecht;U_kgDOBZiAJQ
742;mb4m1;U_kgDOBZpQmg
743;Lucas1114;U_kgDOBZ4wnQ
744;puppsupr;U_kgDOBaMEFA
745;naji0329;U_kgDOBak6lQ
746;SuperSmile0109;U_kgDOBalXGA
747;apella1;U_kgDOBaqT4Q
748;0laday0;U_kgDOBasjWw
749;pannacottaaaa;U_kgDOBatpvw
750;mars-aria;U_kgDOBat_Fg
751;ygill;U_kgDOBbVRtw
752;isaacbrendel;U_kgDOBbY5Hg
753;Avidlearner001;U_kgDOBbaXtg
754;zagui-master;U_kgDOBb2Kaw
755;Ganesh972;U_kgDOBb5BaA
756;marupon3910;U_kgDOBcFr5Q
757;Fuko-Ibuki;U_kgDOBcLWgw
758;supbrice;U_kgDOBcXJsw
759;BrunoGr0883;U_kgDOBcec_w
760;tomgangwang;U_kgDOBct3fQ
761;emmyoh;U_kgDOBcxQ2w
762;leonardonakagawa;U_kgDOBc81Zw
763;chkp-bryans;U_kgDOBdMBmQ
764;agurinv;U_kgDOBdXPOQ
765;sghost13;U_kgDOBddZog
766;SpikyWU7;U_kgDOBdfRvw
767;shashank-mishra14;U_kgDOBdiwLQ
768;Naveen2334;U_kgDOBd4p-Q
769;Angie-Zhang;U_kgDOBeJLhQ
770;Pranjal360Agarwal;U_kgDOBeWjRg
771;Vladdstian;U_kgDOBecGjA
772;satayuji;U_kgDOBedlZQ
773;HJPandey;U_kgDOBeowyw
774;ryanherd;U_kgDOBeqWJQ
775;gremsyQuanLe;U_kgDOBfBtKA
776;Kenaaaaaa;U_kgDOBfEQcw
777;koray-aydin;U_kgDOBfEibA
778;louisphihaihoang;U_kgDOBfYAWA
779;YasinAshorian;U_kgDOBfaOlA
780;Imgautx07;U_kgDOBfezsw
781;RahulDubey391;U_kgDOBfi1Gw
782;SnKToR;U_kgDOBfqbfQ
783;Rupesh510;U_kgDOBfxClA
784;akshit2257;U_kgDOBf1D6Q
785;pppppyamaP;U_kgDOBf68bw
786;Rajesh562020;U_kgDOBf7fwQ
787;Trik01;U_kgDOBgFzQw
788;hemsridh;U_kgDOBgSTzg
789;lowep;U_kgDOBg5GOg
790;yolo102938;U_kgDOBg8LKA
791;Zliced13;U_kgDOBhMQiA
792;dhineshprabakaran;U_kgDOBhMd2w
793;qdclub;U_kgDOBhPx6w
794;asimpson0000;U_kgDOBhdBQw
795;dmytrochumakov;U_kgDOBhhSVQ
796;thatme12;U_kgDOBhhYYg
797;The-code-is-secret;U_kgDOBiMobA
798;jeremyw-dobeu;U_kgDOBiZC9A
799;christine-sandbox;U_kgDOBiepMw
800;maxrathmann;U_kgDOBipvSA
801;AaronSMathew;U_kgDOBipyFg
802;MirboboyevJasurjan;U_kgDOBiut1Q
803;nadprime;U_kgDOBi-Zzw
804;aka5050;U_kgDOBjSE0w
805;tori-ham;U_kgDOBjXjKA
806;boscotba;U_kgDOBj4DZg
807;jasonthegambler;U_kgDOBj4ggw
808;julianomolinari;U_kgDOBj9vsQ
809;Ponthezs;U_kgDOBkAfRg
810;akhmadmamirov;U_kgDOBkRXLA
811;bourbakiN97;U_kgDOBkS6RA
812;Myceliose;U_kgDOBkV5ig
813;mil2tech;U_kgDOBkXhOw
814;ad0niram;U_kgDOBkfwrQ
815;chrisgomad;U_kgDOBklwjw
816;Julioalvestv;U_kgDOBks7ow
817;seespike;U_kgDOBk0Naw
818;crr-bbai;U_kgDOBk_iFA
819;andedavd;U_kgDOBlP9ig
820;WLHQ;U_kgDOBlhWvA
821;aibolu;U_kgDOBlyo6w
822;MaxBryne;U_kgDOBl_xhg
823;VGA777;U_kgDOBmGomg
824;Frisek;U_kgDOBmJIUA
825;shanenichols-channeladvisor;U_kgDOBmLzRQ
826;mircoisendu;U_kgDOBmSIQA
827;romans1234;U_kgDOBmij5A
828;silviana-hs;U_kgDOBmi4Hw
829;risingcurve;U_kgDOBmwwJQ
830;rigvedp97;U_kgDOBm3q6w
831;jcf170030;U_kgDOBnCbLQ
832;ThomasCode92;U_kgDOBnWQSA
833;rsenthur;U_kgDOBnuhEg
834;xmartinsbr;U_kgDOBn3Iqw
835;JulienCamp;U_kgDOBn9K9w
836;ryan-w-roche;U_kgDOBoAOjw
837;montyma-amazon;U_kgDOBoC8VA
838;BryantVencil;U_kgDOBoDbjw
839;Vasco-Arts;U_kgDOBoQjwg
840;Harxxa25;U_kgDOBoWAlw
841;JapnoorHere;U_kgDOBocyQw
842;Pulimi1991;U_kgDOBpIAbw
843;modabossymaxk;U_kgDOBpNEcw
844;otis-ke;U_kgDOBpNG3A
845;Janxxxx;U_kgDOBploEw
846;naveenmishra14;U_kgDOBpmnTQ
847;srdegbe;U_kgDOBpxDQQ
848;pushkarcode;U_kgDOBqCAXQ
849;bbazwalt;U_kgDOBqHNzg
850;Calum09;U_kgDOBqOfQQ
851;TaryNascimento;U_kgDOBqS3vQ
852;Itzkuldeep444;U_kgDOBqZLEQ
853;rafaelgandis;U_kgDOBqeAyw
854;iamchiranjeebpanda01;U_kgDOBqf6lw
855;gsoni1;U_kgDOBqi9wg
856;Qianru69;U_kgDOBqp93A
857;mrlizhaozhi;U_kgDOBqwYHQ
858;soorajaryan007;U_kgDOBq4-CA
859;IKashCode;U_kgDOBrDD1A
860;Anmol5519;U_kgDOBrEvzQ
861;BigSlum;U_kgDOBrUhmA
862;RomDev7;U_kgDOBreN4g
863;doski22;U_kgDOBrkqMw
864;allaboutevemirolive;U_kgDOBrm0Pw
865;hongbo-wei;U_kgDOBrozDw
866;mdhumairraza;U_kgDOBrpQ2A
867;Laindrion;U_kgDOBrtgYQ
868;kdelcampo13;U_kgDOBrwUKA
869;Hoppeful;U_kgDOBr4STA
870;vaddikeshavareddy;U_kgDOBr5Dbw
871;MahdiCodee;U_kgDOBr5sgQ
872;DonzerHD;U_kgDOBr8xWQ
873;darenj456;U_kgDOBr_1fg
874;coder-nian;U_kgDOBsCCiw
875;shubmanh;U_kgDOBsD2ww
876;kybex11;U_kgDOBsGunQ
877;VasanthamHimaanshu;U_kgDOBsKLdg
878;1jana0;U_kgDOBsXInA
879;Armkas;U_kgDOBsj2Ug
880;mgtian03;U_kgDOBspIfw
881;rajwadejii;U_kgDOBs-N8w
882;carlosgomezi;U_kgDOBs-dwA
883;RaviYadav02;U_kgDOBtRYtA
884;Su-Tcode;U_kgDOBtfALA
885;gitteedara;U_kgDOBtiEYg
886;iam-back;U_kgDOBtjOAw
887;Ananya2311;U_kgDOBtnp-A
888;MaxwellNi;U_kgDOBtnxhw
889;winfredbo;U_kgDOBt1AZQ
890;Xie-h-bin123;U_kgDOBuKWnQ
891;Salvapazzo86;U_kgDOBug4IQ
892;Mohamed988o;U_kgDOBujRUw
893;tiennv1997;U_kgDOBupiPg
894;Shashank1407;U_kgDOBusk1w
895;ali-fraz;U_kgDOBu_GQQ
896;sbaws;U_kgDOBvRGCg
897;Anis-Web;U_kgDOBvV1-A
898;Ig0rFA;U_kgDOBvZ06Q
899;wshanleee;U_kgDOBvrxpg
900;ansh2903;U_kgDOBvw0kQ
901;Arun-gox;U_kgDOBwrt8Q
902;amitsingh2022;U_kgDOBwyvow
903;java-oss;U_kgDOBw5KAw
904;misaelsp;U_kgDOBw8o-A
905;ShubhAgarwal0704;U_kgDOBw_LBQ
906;JaafarLezzaik;U_kgDOBxIrZA
907;Renpeng01;U_kgDOBxgi8A
908;shanechioa;U_kgDOBxhf9A
909;MarcelloCordal;U_kgDOByz5yA
910;artemsyvko;U_kgDOBy_fGA
911;sivalaxman07;U_kgDOBzToBg
912;raphaelguardiano;U_kgDOBzf96Q
913;choiruddine;U_kgDOBztg_w
914;Nithin-singiri;U_kgDOBztl4w
915;adiibnuajat;U_kgDOBzwqIA
916;yanwei257;U_kgDOBz0xZw
917;gauravchakrxborty;U_kgDOBz5QfQ
918;sergiojfsunior;U_kgDOBz8WZQ
919;GiuLOCX;U_kgDOB0OJgw
920;firefitdesgns;U_kgDOB0Z5wg
921;mgrundwuermer;U_kgDOB0m9qg
922;Philipabao;U_kgDOB0zhfA
923;Parv-cell;U_kgDOB1JvsA
924;Olaffson;U_kgDOB1RevA
925;karthik121222;U_kgDOB1s7Ng
926;timboslice832;U_kgDOB13l7g
927;gilleswb;U_kgDOB2BJvA
928;aostar168;U_kgDOB2HzAA
929;tinajiang26;U_kgDOB2fP8w
930;nandarshan;U_kgDOB27rQQ
931;martinOofay2023;U_kgDOB3K7sQ
932;RomanGleizer;U_kgDOB35rWg
933;josielabreu;U_kgDOB4LUIg
934;VISHALVARUN011002;U_kgDOB4baSA
935;ColdCodedotso;U_kgDOB4pvJA
936;19raulruiz68;U_kgDOB4p0LA
937;imishangrover;U_kgDOB4z4Zg
938;wiscdn;U_kgDOB41_9Q
939;sks972;U_kgDOB5JAXQ
940;omarhabd;U_kgDOB5ioZQ
941;Kayra-Baran;U_kgDOB5xIGA
942;purushoth2603;U_kgDOB59iwg
943;ywangire;U_kgDOB6ZUuQ
944;chende1121;U_kgDOB6tvnQ
945;TF-185;U_kgDOB7i9ag
946;VidhiS07;U_kgDOB8EbTw
947;JCOOPER5646;U_kgDOB8ORCA
948;SangaoWe;U_kgDOB9RXkw
949;Maycon-dSilva;U_kgDOB9SmeQ
950;imanol-2021-12;U_kgDOB9V3Dg
951;aws-apradana;U_kgDOB98TPw
952;choimikey;U_kgDOB9_6Yg
953;datamoro;U_kgDOB-LirA
954;lanjua5899;U_kgDOB-iAqg
955;AnnaleaLayton;U_kgDOB-5gBw
956;Xeshing;U_kgDOB_YtYw
957;notjustjoshin;U_kgDOCAMMuA
958;amenihong;U_kgDOCAmNZA
959;MT-Designs;U_kgDOCAmTaQ
960;WIN1NG22;U_kgDOCBZjNg
961;PatientProblemSolver;U_kgDOCCzZIw
962;V-AI-ML-DL-DS-PL-PYTHON-JAVA-GO-2023-0;U_kgDOCFke0w
963;Umesh2851997;U_kgDOCF4_vg
964;hatimharrati;U_kgDOCGajSQ
965;Michael-TheUberGeek;U_kgDOCGvS_Q
966;hyeonu-kim;U_kgDOCG3tWg
967;nogueiralf;U_kgDOCHFunA
968;zactseng;U_kgDOCHQzdw
969;abolfazlhajjar;U_kgDOCHndQQ
970;Tariq-Anjum;U_kgDOCHuFiA
971;vedamjamz;U_kgDOCHvulg
